lineId,directionId,pointId,(avg(speed) * 3.6),count,local_time
64,4952,1162,12.746442168307231,3,2025-06-28 19:30:00
34,9978,1233,9.834173757717814,8,2025-06-28 19:30:00
38,4076,1233,11.90597111941746,6,2025-06-28 19:30:00
54,1780,1233,17.955225440697475,4,2025-06-28 19:30:00
80,9946,1233,16.34672476128752,5,2025-06-28 19:30:00
95,4318,1233,17.135801163529898,7,2025-06-28 19:30:00
34,4952,1278,11.990569506193358,7,2025-06-28 19:30:00
59,3130,1280,11.940742498825934,2,2025-06-28 19:30:00
34,9978,1706,16.246428112237652,2,2025-06-28 19:30:00
80,9946,1706,17.54285517413294,2,2025-06-28 19:30:00
34,9978,1712,13.615053933133211,3,2025-06-28 19:30:00
34,9978,1715,22.626511338586695,1,2025-06-28 19:30:00
34,9978,1728,13.778192120523531,3,2025-06-28 19:30:00
80,9946,1728,13.882594274964893,2,2025-06-28 19:30:00
34,9978,1729,11.936916806640648,3,2025-06-28 19:30:00
38,4076,1729,23.35291739885936,1,2025-06-28 19:30:00
54,1780,1729,37.033813137507806,1,2025-06-28 19:30:00
64,3134,1729,18.61837112970502,3,2025-06-28 19:30:00
80,9946,1729,15.16241090273971,2,2025-06-28 19:30:00
95,4318,1729,15.617446036582397,2,2025-06-28 19:30:00
34,9978,1733,12.410257158242551,5,2025-06-28 19:30:00
71,3520,1734,6.352623627421756,4,2025-06-28 19:30:00
34,4952,1762,13.067921667261345,2,2025-06-28 19:30:00
34,4952,1764,25.274764638365852,7,2025-06-28 19:30:00
34,4952,1769,7.78693337656955,4,2025-06-28 19:30:00
80,4952,1769,12.096502183013403,4,2025-06-28 19:30:00
34,4952,1776,6.782521857643494,1,2025-06-28 19:30:00
38,1000,1776,19.520478460729432,1,2025-06-28 19:30:00
64,4952,1776,7.496471526869125,1,2025-06-28 19:30:00
71,2596,1776,23.605542099843362,2,2025-06-28 19:30:00
80,4952,1776,5.188302893739729,4,2025-06-28 19:30:00
95,1781,1776,19.709395571405643,2,2025-06-28 19:30:00
34,4952,1777,18.257585252241096,3,2025-06-28 19:30:00
36,1830,1803,17.757042243009266,2,2025-06-28 19:30:00
36,1830,1804,22.625568628079844,3,2025-06-28 19:30:00
34,9978,1824,6.794514021989998,6,2025-06-28 19:30:00
80,9946,1824,6.170866728705462,1,2025-06-28 19:30:00
60,1962,1880,5.8840168162030775,1,2025-06-28 19:30:00
60,1962,1881,15.563320708369494,7,2025-06-28 19:30:00
60,1425,1883,13.753565102548045,3,2025-06-28 19:30:00
60,1425,1884,6.418300237982253,1,2025-06-28 19:30:00
38,4076,1906,15.279662528841632,3,2025-06-28 19:30:00
54,1780,1906,13.400160708707112,3,2025-06-28 19:30:00
95,4318,1906,17.58039663321309,7,2025-06-28 19:30:00
38,4076,1909,21.443074062333068,4,2025-06-28 19:30:00
54,1780,1909,9.902709363371393,2,2025-06-28 19:30:00
95,4318,1909,17.133114038356567,7,2025-06-28 19:30:00
38,4076,1910,8.38060047948122,4,2025-06-28 19:30:00
60,1962,1910,14.047402087830328,3,2025-06-28 19:30:00
38,1000,1980,12.215167733621264,4,2025-06-28 19:30:00
54,1780,1980,12.284101602844482,4,2025-06-28 19:30:00
60,1425,1980,10.971454562623121,2,2025-06-28 19:30:00
38,1000,1981,12.683403825321758,5,2025-06-28 19:30:00
54,1780,1981,10.518451181770285,7,2025-06-28 19:30:00
71,2596,1981,13.358647987989743,10,2025-06-28 19:30:00
95,1781,1981,27.527218108167308,2,2025-06-28 19:30:00
34,4952,1983,18.694953747299618,1,2025-06-28 19:30:00
38,1000,1983,18.176637613528914,2,2025-06-28 19:30:00
54,1780,1983,15.98638964720875,2,2025-06-28 19:30:00
71,2596,1983,10.200383991582923,4,2025-06-28 19:30:00
80,4952,1983,13.971181951243416,2,2025-06-28 19:30:00
95,1781,1983,6.246345770042456,2,2025-06-28 19:30:00
59,3125,3120,13.918738404531588,6,2025-06-28 19:30:00
59,3125,3121,13.702954917768684,11,2025-06-28 19:30:00
59,3130,3155,15.748937176240407,7,2025-06-28 19:30:00
59,3130,3156,12.551398553124338,7,2025-06-28 19:30:00
59,3125,3372,14.903883762555331,3,2025-06-28 19:30:00
71,3520,3514,16.948134470440408,10,2025-06-28 19:30:00
95,1781,3514,7.402823550641765,2,2025-06-28 19:30:00
71,2596,3525,15.185780285989496,5,2025-06-28 19:30:00
71,2596,3558,13.201214284434164,11,2025-06-28 19:30:00
95,4318,3558,16.502547212173138,13,2025-06-28 19:30:00
71,2596,3559,4.334477174251598,3,2025-06-28 19:30:00
80,4952,3912,17.995957340570655,5,2025-06-28 19:30:00
59,3125,3921,16.8443812480616,4,2025-06-28 19:30:00
80,4952,3921,12.598635559093113,6,2025-06-28 19:30:00
95,4318,4303,11.14229619246098,8,2025-06-28 19:30:00
71,3520,4304,14.696335564881135,6,2025-06-28 19:30:00
95,4318,4304,19.94149627010809,5,2025-06-28 19:30:00
71,3520,4305,13.488874675521142,6,2025-06-28 19:30:00
95,4318,4305,13.072739752836675,7,2025-06-28 19:30:00
95,4318,4306,21.36138833138588,6,2025-06-28 19:30:00
95,4318,4307,13.558955535416574,6,2025-06-28 19:30:00
95,1781,4362,18.498408138905734,3,2025-06-28 19:30:00
95,1781,4363,13.018477573554451,2,2025-06-28 19:30:00
95,1781,4364,16.45059175687608,4,2025-06-28 19:30:00
95,1781,4365,0.5352440355972967,1,2025-06-28 19:30:00
34,4952,4367,18.240431201168388,2,2025-06-28 19:30:00
38,1000,4367,13.232812431973901,5,2025-06-28 19:30:00
54,1780,4367,6.422928427167561,1,2025-06-28 19:30:00
71,2596,4367,20.31289036071713,4,2025-06-28 19:30:00
80,4952,4367,14.491058627296843,3,2025-06-28 19:30:00
95,1781,4367,15.876657638285598,4,2025-06-28 19:30:00
71,3520,5407,17.189491241487488,15,2025-06-28 19:30:00
38,1000,6112,9.555927986407818,7,2025-06-28 19:30:00
54,1780,6112,10.075655559278948,3,2025-06-28 19:30:00
60,1425,6112,6.909355603397015,4,2025-06-28 19:30:00
34,4952,6432,11.837262872904185,11,2025-06-28 19:30:00
38,1000,6432,0.17846947257362944,1,2025-06-28 19:30:00
64,4952,6432,9.21362972032016,6,2025-06-28 19:30:00
71,2596,6432,14.935904156121657,15,2025-06-28 19:30:00
80,4952,6432,15.121881147575671,4,2025-06-28 19:30:00
95,1781,6432,10.667297063802915,4,2025-06-28 19:30:00
34,9978,6433,7.130438429575662,2,2025-06-28 19:30:00
38,4076,6433,5.46853893053526,3,2025-06-28 19:30:00
54,1780,6433,6.044856688745044,1,2025-06-28 19:30:00
80,9946,6433,10.118018000732299,2,2025-06-28 19:30:00
95,4318,6433,3.9117422055202686,1,2025-06-28 19:30:00
64,4952,1162,11.219418835354052,6,2025-06-28 19:45:00
34,9978,1233,15.365659116860051,5,2025-06-28 19:45:00
38,4076,1233,13.694388434257629,5,2025-06-28 19:45:00
54,1780,1233,17.572427914820448,4,2025-06-28 19:45:00
80,9946,1233,13.541775691178303,5,2025-06-28 19:45:00
95,4318,1233,11.902574058838159,10,2025-06-28 19:45:00
34,4952,1278,23.937638498927242,3,2025-06-28 19:45:00
59,3130,1280,12.476354337968992,1,2025-06-28 19:45:00
64,3134,1654,15.217407902447192,3,2025-06-28 19:45:00
34,9978,1706,14.634094107932988,1,2025-06-28 19:45:00
80,9946,1706,7.136692187775292,1,2025-06-28 19:45:00
34,9978,1712,11.228735581991604,1,2025-06-28 19:45:00
34,9978,1713,16.945444767879202,8,2025-06-28 19:45:00
34,9978,1714,16.491718039535538,2,2025-06-28 19:45:00
34,9978,1715,17.79101167624194,4,2025-06-28 19:45:00
34,9978,1728,12.823971865776478,3,2025-06-28 19:45:00
80,9946,1728,9.091033444991265,3,2025-06-28 19:45:00
34,9978,1729,14.336171151022052,2,2025-06-28 19:45:00
38,4076,1729,16.726845561237255,4,2025-06-28 19:45:00
54,1780,1729,11.3009648467074,3,2025-06-28 19:45:00
64,3134,1729,18.532971513946517,6,2025-06-28 19:45:00
80,9946,1729,17.453146612367988,1,2025-06-28 19:45:00
95,4318,1729,16.384895370351103,2,2025-06-28 19:45:00
34,9978,1733,16.320774979956273,2,2025-06-28 19:45:00
71,3520,1734,14.476065723103755,1,2025-06-28 19:45:00
34,4952,1762,6.776168492797844,1,2025-06-28 19:45:00
34,4952,1764,36.94190158763462,2,2025-06-28 19:45:00
34,4952,1769,19.153080745157656,2,2025-06-28 19:45:00
80,4952,1769,23.729501524352848,1,2025-06-28 19:45:00
34,4952,1776,18.728764776524713,1,2025-06-28 19:45:00
64,4952,1776,20.680242301524764,1,2025-06-28 19:45:00
71,2596,1776,23.27497278432398,2,2025-06-28 19:45:00
80,4952,1776,5.871596145475982,3,2025-06-28 19:45:00
95,1781,1776,12.983810601182546,1,2025-06-28 19:45:00
34,4952,1777,10.992312102908382,4,2025-06-28 19:45:00
34,9978,1824,5.85832508677644,1,2025-06-28 19:45:00
80,9946,1824,5.969068550309378,3,2025-06-28 19:45:00
36,2719,1870,19.607087979344488,2,2025-06-28 19:45:00
36,2719,1871,25.390682605912634,1,2025-06-28 19:45:00
60,1962,1881,24.91250293792743,4,2025-06-28 19:45:00
60,1425,1883,11.924622561372544,4,2025-06-28 19:45:00
60,1425,1884,11.00744283946645,2,2025-06-28 19:45:00
38,4076,1906,16.333296123972755,3,2025-06-28 19:45:00
54,1780,1906,16.402779144059444,2,2025-06-28 19:45:00
95,4318,1906,15.336830598396947,3,2025-06-28 19:45:00
38,4076,1909,25.671792639640014,3,2025-06-28 19:45:00
54,1780,1909,30.83441857812337,1,2025-06-28 19:45:00
95,4318,1909,25.923525493463792,2,2025-06-28 19:45:00
38,4076,1910,12.302459098033014,3,2025-06-28 19:45:00
60,1962,1910,11.237794259952125,2,2025-06-28 19:45:00
38,1000,1980,14.605675381538735,3,2025-06-28 19:45:00
54,1780,1980,20.416699336613025,2,2025-06-28 19:45:00
60,1425,1980,17.455439407197765,2,2025-06-28 19:45:00
38,1000,1981,32.18154072298871,2,2025-06-28 19:45:00
54,1780,1981,32.0100069088168,2,2025-06-28 19:45:00
71,2596,1981,22.234019447785215,9,2025-06-28 19:45:00
95,1781,1981,23.03707365675233,4,2025-06-28 19:45:00
34,4952,1983,11.947345492514707,1,2025-06-28 19:45:00
38,1000,1983,19.77201363100555,2,2025-06-28 19:45:00
54,1780,1983,5.404658085427467,3,2025-06-28 19:45:00
71,2596,1983,8.67673716525623,3,2025-06-28 19:45:00
95,1781,1983,28.17522471925286,2,2025-06-28 19:45:00
54,1780,2967,15.226509360164718,6,2025-06-28 19:45:00
59,3125,3120,48.848158539808495,1,2025-06-28 19:45:00
59,3125,3121,15.035202709879027,5,2025-06-28 19:45:00
59,3130,3155,32.002900131525486,2,2025-06-28 19:45:00
59,3130,3156,19.113616981034212,3,2025-06-28 19:45:00
59,3125,3372,20.177015109014047,6,2025-06-28 19:45:00
71,3520,3514,20.847951016335156,3,2025-06-28 19:45:00
95,1781,3514,15.296737726582926,1,2025-06-28 19:45:00
71,2596,3525,22.11241921865476,6,2025-06-28 19:45:00
71,2596,3558,23.77514664286588,3,2025-06-28 19:45:00
95,4318,3558,38.02702548634532,10,2025-06-28 19:45:00
71,2596,3559,7.1325202953636095,1,2025-06-28 19:45:00
80,4952,3912,17.95909373467777,9,2025-06-28 19:45:00
59,3125,3921,15.779160151895391,4,2025-06-28 19:45:00
60,1962,3921,20.413443776411636,3,2025-06-28 19:45:00
80,4952,3921,17.34778801174509,4,2025-06-28 19:45:00
95,4318,4303,13.175734521929401,6,2025-06-28 19:45:00
71,3520,4304,24.956583796006147,2,2025-06-28 19:45:00
95,4318,4304,16.035979650229873,6,2025-06-28 19:45:00
71,3520,4305,17.005021603440397,3,2025-06-28 19:45:00
95,4318,4305,13.755130436251681,7,2025-06-28 19:45:00
95,4318,4306,41.1665999598319,2,2025-06-28 19:45:00
95,4318,4307,16.677342655715833,2,2025-06-28 19:45:00
95,1781,4362,29.547826947847128,4,2025-06-28 19:45:00
95,1781,4363,10.537863325846669,5,2025-06-28 19:45:00
95,1781,4364,12.182783106334245,4,2025-06-28 19:45:00
95,1781,4365,12.450310994171124,3,2025-06-28 19:45:00
95,1781,4366,21.65434765803927,8,2025-06-28 19:45:00
34,4952,4367,19.694905473444692,3,2025-06-28 19:45:00
38,1000,4367,16.025652971729684,4,2025-06-28 19:45:00
71,2596,4367,11.386201731194486,11,2025-06-28 19:45:00
80,4952,4367,9.361389007276038,2,2025-06-28 19:45:00
95,1781,4367,15.836658744792986,6,2025-06-28 19:45:00
71,3520,5407,20.346217707509414,6,2025-06-28 19:45:00
38,1000,6112,7.741223686094564,4,2025-06-28 19:45:00
54,1780,6112,11.197954719618167,4,2025-06-28 19:45:00
60,1425,6112,8.8958764350902,1,2025-06-28 19:45:00
34,4952,6432,32.811577965030345,2,2025-06-28 19:45:00
38,1000,6432,5.089061376534904,3,2025-06-28 19:45:00
64,4952,6432,12.392093468569497,3,2025-06-28 19:45:00
71,2596,6432,17.17236534903743,12,2025-06-28 19:45:00
80,4952,6432,16.865906715661847,4,2025-06-28 19:45:00
95,1781,6432,7.545393332636234,2,2025-06-28 19:45:00
34,9978,6433,12.710691854432566,1,2025-06-28 19:45:00
38,4076,6433,8.746539486990898,2,2025-06-28 19:45:00
54,1780,6433,10.343933817846892,1,2025-06-28 19:45:00
64,3134,6433,6.117080791029089,3,2025-06-28 19:45:00
80,9946,6433,6.747174398773987,1,2025-06-28 19:45:00
95,4318,6433,7.888628212264014,4,2025-06-28 19:45:00
64,4952,1162,15.71083077006627,2,2025-06-28 20:00:00
34,9978,1233,7.253947457447142,4,2025-06-28 20:00:00
38,4076,1233,23.427326308531278,3,2025-06-28 20:00:00
54,1780,1233,17.56866898098646,7,2025-06-28 20:00:00
80,9946,1233,15.43353957024174,5,2025-06-28 20:00:00
95,4318,1233,11.49129577977631,15,2025-06-28 20:00:00
34,4952,1278,19.543461742355365,3,2025-06-28 20:00:00
59,3130,1280,7.390537968934978,2,2025-06-28 20:00:00
64,3130,1654,14.083691185176118,3,2025-06-28 20:00:00
34,9978,1706,32.624955486100696,1,2025-06-28 20:00:00
80,9946,1706,16.74551553933575,2,2025-06-28 20:00:00
34,9978,1712,14.140301677788049,3,2025-06-28 20:00:00
34,9978,1713,14.970938327955409,4,2025-06-28 20:00:00
34,9978,1714,36.601786940899025,1,2025-06-28 20:00:00
34,9978,1715,13.842427123171293,3,2025-06-28 20:00:00
34,9978,1728,14.625166407922377,2,2025-06-28 20:00:00
80,9946,1728,9.335208714972007,3,2025-06-28 20:00:00
54,1780,1729,34.585665558892025,1,2025-06-28 20:00:00
64,3130,1729,14.686253669280202,3,2025-06-28 20:00:00
80,9946,1729,16.03113308592651,2,2025-06-28 20:00:00
95,4318,1729,10.997017652910232,6,2025-06-28 20:00:00
34,9978,1733,30.636776012540217,2,2025-06-28 20:00:00
71,3520,1734,10.636496882460802,3,2025-06-28 20:00:00
34,4952,1762,7.306857624493062,1,2025-06-28 20:00:00
34,4952,1764,21.08274338171755,4,2025-06-28 20:00:00
34,4952,1769,10.687092116155059,5,2025-06-28 20:00:00
80,4952,1769,10.820895110762274,3,2025-06-28 20:00:00
34,4952,1776,12.659190183283382,1,2025-06-28 20:00:00
38,1000,1776,18.702595044435732,1,2025-06-28 20:00:00
64,4952,1776,12.209984070347591,2,2025-06-28 20:00:00
71,2596,1776,15.862233314548272,3,2025-06-28 20:00:00
80,4952,1776,12.370961666865817,2,2025-06-28 20:00:00
95,1781,1776,18.00299010058354,1,2025-06-28 20:00:00
95,6432,1776,16.912769719733156,1,2025-06-28 20:00:00
34,4952,1777,17.60551959946952,3,2025-06-28 20:00:00
36,1830,1803,14.320508052811313,2,2025-06-28 20:00:00
36,1830,1804,19.78068298285126,4,2025-06-28 20:00:00
80,9946,1824,9.342715482779436,1,2025-06-28 20:00:00
36,2719,1870,24.956948432902355,2,2025-06-28 20:00:00
36,2719,1871,16.857326800624417,2,2025-06-28 20:00:00
60,1962,1880,11.246670969334511,2,2025-06-28 20:00:00
60,1962,1881,17.490195451337037,6,2025-06-28 20:00:00
60,1425,1883,22.20176924117822,2,2025-06-28 20:00:00
60,1425,1884,17.850751830184002,2,2025-06-28 20:00:00
38,4076,1906,16.21521444337449,2,2025-06-28 20:00:00
54,1780,1906,13.25347679778123,2,2025-06-28 20:00:00
95,4318,1906,17.490119985347675,5,2025-06-28 20:00:00
38,4076,1909,22.42168787302683,4,2025-06-28 20:00:00
54,1780,1909,26.38931339791088,1,2025-06-28 20:00:00
95,4318,1909,19.36303291981332,5,2025-06-28 20:00:00
38,4076,1910,8.192777046463826,4,2025-06-28 20:00:00
60,1962,1910,22.10335507044479,1,2025-06-28 20:00:00
38,1000,1980,28.78598195601254,3,2025-06-28 20:00:00
54,1780,1980,16.93014679858702,3,2025-06-28 20:00:00
60,1425,1980,18.720972278152644,1,2025-06-28 20:00:00
38,1000,1981,20.97221541807873,3,2025-06-28 20:00:00
54,1780,1981,23.222673817690755,5,2025-06-28 20:00:00
71,2596,1981,7.234427759459982,1,2025-06-28 20:00:00
95,1781,1981,20.703533874014376,5,2025-06-28 20:00:00
95,6432,1981,15.425526680122276,4,2025-06-28 20:00:00
34,4952,1983,17.034926440200255,3,2025-06-28 20:00:00
38,1000,1983,5.7469512170831765,2,2025-06-28 20:00:00
54,1780,1983,19.3034520015594,2,2025-06-28 20:00:00
71,2596,1983,22.739816929783913,1,2025-06-28 20:00:00
80,4952,1983,10.871178416928702,1,2025-06-28 20:00:00
95,1781,1983,12.625294878534556,3,2025-06-28 20:00:00
95,6432,1983,17.37930726618833,2,2025-06-28 20:00:00
54,1780,2967,16.45398842832814,3,2025-06-28 20:00:00
59,3125,3120,19.85481497831956,3,2025-06-28 20:00:00
59,3130,3155,25.788295959853237,2,2025-06-28 20:00:00
59,3130,3156,18.658415134288976,3,2025-06-28 20:00:00
71,3520,3514,21.380711062100904,8,2025-06-28 20:00:00
95,1781,3514,12.053736046953112,5,2025-06-28 20:00:00
71,3520,3518,5.081513636963745,2,2025-06-28 20:00:00
71,2596,3525,18.00307491473269,12,2025-06-28 20:00:00
71,2596,3558,19.233122500623686,11,2025-06-28 20:00:00
95,4318,3558,24.69092755483007,17,2025-06-28 20:00:00
71,2596,3559,10.576373848243602,3,2025-06-28 20:00:00
80,4952,3912,17.890908745822067,7,2025-06-28 20:00:00
59,3125,3921,19.009823500662957,3,2025-06-28 20:00:00
60,1962,3921,13.56406965797466,4,2025-06-28 20:00:00
80,4952,3921,15.682858865345649,8,2025-06-28 20:00:00
95,4318,4303,17.979035867909964,6,2025-06-28 20:00:00
71,3520,4304,20.808755997395814,7,2025-06-28 20:00:00
95,4318,4304,17.829306087650192,4,2025-06-28 20:00:00
71,3520,4305,19.144732237412114,5,2025-06-28 20:00:00
95,4318,4305,23.565343914693443,2,2025-06-28 20:00:00
95,4318,4306,19.599784101623634,8,2025-06-28 20:00:00
95,4318,4307,9.213034135589325,6,2025-06-28 20:00:00
95,1781,4362,27.240077209147092,6,2025-06-28 20:00:00
95,1781,4363,17.260182127580965,4,2025-06-28 20:00:00
95,6432,4364,23.784698762899,4,2025-06-28 20:00:00
95,1781,4364,24.509492575882287,7,2025-06-28 20:00:00
95,6432,4365,10.700220815166702,2,2025-06-28 20:00:00
95,1781,4365,7.243137080423883,5,2025-06-28 20:00:00
95,6432,4366,17.844801925569204,5,2025-06-28 20:00:00
95,1781,4366,22.842719603140853,7,2025-06-28 20:00:00
34,4952,4367,13.771163030332199,6,2025-06-28 20:00:00
38,1000,4367,16.459669328327198,3,2025-06-28 20:00:00
71,2596,4367,13.863441214495802,5,2025-06-28 20:00:00
80,4952,4367,18.357939577890654,2,2025-06-28 20:00:00
95,1781,4367,14.97193950098152,8,2025-06-28 20:00:00
95,6432,4367,11.170128367938299,5,2025-06-28 20:00:00
71,3520,5407,17.38520354073549,9,2025-06-28 20:00:00
38,1000,6112,10.070008861576092,4,2025-06-28 20:00:00
54,1780,6112,23.67530535111348,1,2025-06-28 20:00:00
60,1425,6112,32.233064247927075,1,2025-06-28 20:00:00
34,4952,6432,13.753455383029968,5,2025-06-28 20:00:00
38,1000,6432,8.924997187652115,3,2025-06-28 20:00:00
64,4952,6432,11.655010630093702,10,2025-06-28 20:00:00
71,2596,6432,0.8014792821340755,2,2025-06-28 20:00:00
80,4952,6432,13.39978300323515,4,2025-06-28 20:00:00
95,1781,6432,6.66331878341579,5,2025-06-28 20:00:00
64,3130,6433,6.785245780648479,1,2025-06-28 20:00:00
80,9946,6433,8.546820849732052,1,2025-06-28 20:00:00
95,4318,6433,12.315149433480816,1,2025-06-28 20:00:00
64,4952,1162,15.09589750732558,3,2025-06-28 20:15:00
34,9978,1233,15.968291084482248,5,2025-06-28 20:15:00
38,4076,1233,18.730898664977083,7,2025-06-28 20:15:00
54,1780,1233,7.8338709629626875,2,2025-06-28 20:15:00
80,9946,1233,19.650054694816617,4,2025-06-28 20:15:00
95,4318,1233,13.08037132159904,7,2025-06-28 20:15:00
34,4952,1278,26.217914634921218,3,2025-06-28 20:15:00
59,3130,1280,18.113787438552105,1,2025-06-28 20:15:00
34,9978,1706,17.319109047895374,1,2025-06-28 20:15:00
80,9946,1706,13.088257387230911,2,2025-06-28 20:15:00
34,9978,1712,16.900226662474463,2,2025-06-28 20:15:00
34,9978,1713,4.810807257998299,3,2025-06-28 20:15:00
34,9978,1728,20.30052091809403,1,2025-06-28 20:15:00
80,9946,1728,14.698324157225201,2,2025-06-28 20:15:00
34,9978,1729,16.221540275556464,2,2025-06-28 20:15:00
38,4076,1729,13.091298284074762,2,2025-06-28 20:15:00
54,1780,1729,14.791773120734435,1,2025-06-28 20:15:00
64,3134,1729,17.45872040495766,2,2025-06-28 20:15:00
95,4318,1729,14.97903116705391,4,2025-06-28 20:15:00
34,9978,1733,17.696332589463417,4,2025-06-28 20:15:00
34,4952,1762,13.35476228597324,1,2025-06-28 20:15:00
34,4952,1764,22.273545685898828,4,2025-06-28 20:15:00
34,4952,1769,10.18506694114287,5,2025-06-28 20:15:00
80,4952,1769,14.002975981687648,3,2025-06-28 20:15:00
38,1000,1776,15.259936253772024,3,2025-06-28 20:15:00
71,2596,1776,16.64975968564736,2,2025-06-28 20:15:00
80,4952,1776,5.113065733802177,3,2025-06-28 20:15:00
95,1781,1776,11.082084724165965,4,2025-06-28 20:15:00
34,4952,1777,22.15808166155337,2,2025-06-28 20:15:00
36,1830,1803,6.870315273608877,3,2025-06-28 20:15:00
36,1830,1804,18.53770400593818,4,2025-06-28 20:15:00
80,9946,1824,6.767778999425763,2,2025-06-28 20:15:00
36,2719,1870,18.838757926797708,3,2025-06-28 20:15:00
36,2719,1871,12.666289718874209,2,2025-06-28 20:15:00
60,1962,1880,9.80205499495525,3,2025-06-28 20:15:00
60,1962,1881,33.93088936744911,6,2025-06-28 20:15:00
60,1425,1883,20.32050548325039,2,2025-06-28 20:15:00
38,4076,1906,18.37430870012777,3,2025-06-28 20:15:00
95,4318,1906,10.69767777185222,2,2025-06-28 20:15:00
38,4076,1909,24.413485371432987,4,2025-06-28 20:15:00
54,1780,1909,11.720685989651363,1,2025-06-28 20:15:00
95,4318,1909,16.49401933231769,3,2025-06-28 20:15:00
38,4076,1910,13.445602806278155,1,2025-06-28 20:15:00
60,1962,1910,7.988127268637805,7,2025-06-28 20:15:00
38,1000,1980,35.560081106077746,1,2025-06-28 20:15:00
60,1425,1980,32.94776206531216,1,2025-06-28 20:15:00
38,1000,1981,26.472940793796386,3,2025-06-28 20:15:00
71,2596,1981,19.77168485198274,7,2025-06-28 20:15:00
95,1781,1981,15.835607787345442,7,2025-06-28 20:15:00
34,4952,1983,11.031324431070153,2,2025-06-28 20:15:00
38,1000,1983,16.419461992242958,4,2025-06-28 20:15:00
54,1780,1983,9.423710004982022,1,2025-06-28 20:15:00
71,2596,1983,19.238257646944795,4,2025-06-28 20:15:00
95,1781,1983,21.401688656717987,3,2025-06-28 20:15:00
54,1780,2967,20.95516586028577,1,2025-06-28 20:15:00
59,3125,3120,14.584871496685745,4,2025-06-28 20:15:00
59,3125,3121,13.828335386038338,11,2025-06-28 20:15:00
59,3130,3155,19.243340816732356,3,2025-06-28 20:15:00
59,3130,3156,19.66707616142784,3,2025-06-28 20:15:00
59,3125,3372,10.524512906908189,5,2025-06-28 20:15:00
71,3520,3514,24.886362809808933,4,2025-06-28 20:15:00
95,1781,3514,7.5425772414881935,3,2025-06-28 20:15:00
71,2596,3525,24.297400166103102,6,2025-06-28 20:15:00
71,2596,3558,22.413776870613237,7,2025-06-28 20:15:00
95,4318,3558,27.39892424171429,16,2025-06-28 20:15:00
71,2596,3559,17.468539299361055,1,2025-06-28 20:15:00
59,3125,3921,18.68602375717218,4,2025-06-28 20:15:00
60,1962,3921,15.190273162449504,4,2025-06-28 20:15:00
95,4318,4303,16.03152581828915,2,2025-06-28 20:15:00
71,3520,4304,17.17226331182106,4,2025-06-28 20:15:00
95,4318,4304,30.507098375416827,4,2025-06-28 20:15:00
71,3520,4305,19.692843866988053,5,2025-06-28 20:15:00
95,4318,4305,29.558380402817168,3,2025-06-28 20:15:00
95,4318,4306,19.380769356530035,5,2025-06-28 20:15:00
95,4318,4307,15.211806553576432,3,2025-06-28 20:15:00
95,1781,4362,24.178238171948948,5,2025-06-28 20:15:00
95,1781,4363,19.84976694969885,3,2025-06-28 20:15:00
95,1781,4364,25.741528361690374,5,2025-06-28 20:15:00
95,1781,4365,7.569033280980353,4,2025-06-28 20:15:00
95,1781,4366,23.991787171013886,6,2025-06-28 20:15:00
34,4952,4367,13.1331909493708,3,2025-06-28 20:15:00
38,1000,4367,16.38976428914082,5,2025-06-28 20:15:00
71,2596,4367,21.860691796238818,6,2025-06-28 20:15:00
80,4952,4367,22.716846018255577,2,2025-06-28 20:15:00
95,1781,4367,11.38363484591156,9,2025-06-28 20:15:00
71,3520,5407,26.350028279824148,6,2025-06-28 20:15:00
38,1000,6112,10.587873870100417,2,2025-06-28 20:15:00
60,1425,6112,11.22199757752714,2,2025-06-28 20:15:00
34,4952,6432,32.03454660738169,2,2025-06-28 20:15:00
38,1000,6432,4.547735982467975,2,2025-06-28 20:15:00
64,4952,6432,16.35164156010036,3,2025-06-28 20:15:00
71,2596,6432,11.271230438221062,9,2025-06-28 20:15:00
80,4952,6432,11.577251545586918,4,2025-06-28 20:15:00
95,1781,6432,6.420485308838917,3,2025-06-28 20:15:00
38,4076,6433,15.704770928961986,1,2025-06-28 20:15:00
54,1780,6433,6.046452762532385,1,2025-06-28 20:15:00
64,3134,6433,14.267964965606524,1,2025-06-28 20:15:00
80,9946,6433,10.145077824591201,2,2025-06-28 20:15:00
95,4318,6433,7.247986472331933,3,2025-06-28 20:15:00
34,9978,1233,9.84553834412387,8,2025-06-28 20:30:00
38,4076,1233,11.871944343490973,5,2025-06-28 20:30:00
54,1780,1233,12.994741134226805,7,2025-06-28 20:30:00
95,4318,1233,13.618502741463047,10,2025-06-28 20:30:00
34,4952,1278,17.30932347414179,6,2025-06-28 20:30:00
59,3130,1280,13.954767361751934,3,2025-06-28 20:30:00
64,3134,1654,15.417712169348937,3,2025-06-28 20:30:00
34,9978,1706,19.69617266089403,2,2025-06-28 20:30:00
34,9978,1712,16.31551509556562,2,2025-06-28 20:30:00
34,9978,1713,24.241388700152957,4,2025-06-28 20:30:00
34,9978,1714,13.138831225312963,4,2025-06-28 20:30:00
34,9978,1715,7.962304261994274,3,2025-06-28 20:30:00
34,9978,1728,15.86031030856246,2,2025-06-28 20:30:00
34,9978,1729,17.27337384937863,2,2025-06-28 20:30:00
38,4076,1729,19.582611804871974,2,2025-06-28 20:30:00
54,1780,1729,9.965747193018283,1,2025-06-28 20:30:00
64,3134,1729,15.096139770166571,3,2025-06-28 20:30:00
80,9946,1729,6.062260304839571,1,2025-06-28 20:30:00
95,4318,1729,16.921026716843095,2,2025-06-28 20:30:00
34,9978,1733,24.047649145125884,2,2025-06-28 20:30:00
34,4952,1762,14.07076390837016,2,2025-06-28 20:30:00
34,4952,1764,20.44272018180876,4,2025-06-28 20:30:00
34,4952,1769,25.462184649507687,1,2025-06-28 20:30:00
80,4952,1769,10.852431028018406,4,2025-06-28 20:30:00
34,4952,1776,12.82288996059109,3,2025-06-28 20:30:00
71,2596,1776,12.59766635119613,6,2025-06-28 20:30:00
95,1781,1776,17.83967749431026,1,2025-06-28 20:30:00
34,4952,1777,22.971531996436447,2,2025-06-28 20:30:00
36,1830,1804,19.77978747981981,4,2025-06-28 20:30:00
80,9946,1824,6.991556459039217,4,2025-06-28 20:30:00
36,2719,1870,31.36974382267064,1,2025-06-28 20:30:00
36,2719,1871,16.888124961853578,1,2025-06-28 20:30:00
60,1425,1883,20.77451668974125,2,2025-06-28 20:30:00
60,1425,1884,12.701062720921817,2,2025-06-28 20:30:00
38,4076,1906,22.215357083613846,3,2025-06-28 20:30:00
54,1780,1906,14.00867730316321,3,2025-06-28 20:30:00
95,4318,1906,15.7367843575774,7,2025-06-28 20:30:00
38,4076,1909,14.275725189759141,9,2025-06-28 20:30:00
54,1780,1909,23.87697455169321,2,2025-06-28 20:30:00
95,4318,1909,18.082467959875824,6,2025-06-28 20:30:00
38,4076,1910,10.205691944470084,3,2025-06-28 20:30:00
38,1000,1980,20.829231601323077,2,2025-06-28 20:30:00
54,1780,1980,12.739719173234649,4,2025-06-28 20:30:00
60,1425,1980,11.956628440856587,2,2025-06-28 20:30:00
38,1000,1981,23.526508681426126,3,2025-06-28 20:30:00
54,1780,1981,12.436049636965882,5,2025-06-28 20:30:00
71,2596,1981,17.866621105641013,6,2025-06-28 20:30:00
95,1781,1981,15.689893838594568,8,2025-06-28 20:30:00
38,1000,1983,10.96574024464056,2,2025-06-28 20:30:00
54,1780,1983,15.540449695215113,1,2025-06-28 20:30:00
71,2596,1983,21.458958568237836,3,2025-06-28 20:30:00
80,4952,1983,15.764248171346084,2,2025-06-28 20:30:00
95,1781,1983,18.720820750677063,2,2025-06-28 20:30:00
54,1780,2967,10.762746363654973,5,2025-06-28 20:30:00
59,3130,3155,21.38580281645271,6,2025-06-28 20:30:00
59,3130,3156,19.358755019426344,3,2025-06-28 20:30:00
59,3125,3372,15.662468191587426,3,2025-06-28 20:30:00
71,3520,3514,17.9714539530619,7,2025-06-28 20:30:00
95,1781,3514,7.482770071631241,5,2025-06-28 20:30:00
71,2596,3525,20.331844096483305,7,2025-06-28 20:30:00
71,2596,3558,18.015221551569574,7,2025-06-28 20:30:00
71,2596,3559,7.127117042809718,3,2025-06-28 20:30:00
80,4952,3912,23.02906751504978,4,2025-06-28 20:30:00
60,1962,3921,17.7349008620699,3,2025-06-28 20:30:00
80,4952,3921,12.112082545272633,3,2025-06-28 20:30:00
95,4318,4303,21.814038272441888,3,2025-06-28 20:30:00
71,3520,4304,22.582775888967447,5,2025-06-28 20:30:00
95,4318,4304,19.454292769645452,7,2025-06-28 20:30:00
71,3520,4305,16.025509251792762,9,2025-06-28 20:30:00
95,4318,4305,13.262254942629726,2,2025-06-28 20:30:00
95,4318,4306,27.1754964252233,1,2025-06-28 20:30:00
95,1781,4362,23.241110213272997,6,2025-06-28 20:30:00
95,1781,4363,14.197238786407212,5,2025-06-28 20:30:00
95,1781,4364,15.572423846415278,4,2025-06-28 20:30:00
95,1781,4365,10.133241528090341,2,2025-06-28 20:30:00
95,1781,4366,15.147322954090068,8,2025-06-28 20:30:00
34,4952,4367,16.554790576205402,5,2025-06-28 20:30:00
38,1000,4367,13.400538668537592,5,2025-06-28 20:30:00
71,2596,4367,16.33235018613666,8,2025-06-28 20:30:00
80,4952,4367,21.444625459591194,2,2025-06-28 20:30:00
95,1781,4367,16.642880356585678,4,2025-06-28 20:30:00
71,3520,5407,21.58668678401313,12,2025-06-28 20:30:00
38,1000,6112,9.981862143425168,3,2025-06-28 20:30:00
54,1780,6112,10.511538977872101,3,2025-06-28 20:30:00
60,1425,6112,14.180813010107899,2,2025-06-28 20:30:00
34,4952,6432,13.608863107549286,5,2025-06-28 20:30:00
38,1000,6432,9.714311792220158,2,2025-06-28 20:30:00
71,2596,6432,14.451219342500805,14,2025-06-28 20:30:00
95,1781,6432,6.827175214333028,6,2025-06-28 20:30:00
34,9978,6433,12.173447009539116,2,2025-06-28 20:30:00
38,4076,6433,3.565438450343193,2,2025-06-28 20:30:00
54,1780,6433,6.050281397401463,1,2025-06-28 20:30:00
64,3134,6433,8.562469983948858,2,2025-06-28 20:30:00
95,4318,6433,6.111223470112204,3,2025-06-28 20:30:00
64,4952,1162,17.87123427368307,3,2025-06-28 20:45:00
34,9978,1233,15.121421013079267,5,2025-06-28 20:45:00
38,4076,1233,36.75078696064024,2,2025-06-28 20:45:00
54,1780,1233,58.26223413168251,1,2025-06-28 20:45:00
80,9946,1233,12.339974465634754,5,2025-06-28 20:45:00
95,4318,1233,18.425315512425595,8,2025-06-28 20:45:00
34,4952,1278,33.74946489335267,1,2025-06-28 20:45:00
64,3134,1654,15.868201889507505,3,2025-06-28 20:45:00
34,9978,1706,22.43049372491965,1,2025-06-28 20:45:00
80,9946,1706,12.828740179109408,1,2025-06-28 20:45:00
34,9978,1712,16.03565398445031,3,2025-06-28 20:45:00
34,9978,1713,22.303730166663932,3,2025-06-28 20:45:00
34,9978,1714,20.717151014765694,2,2025-06-28 20:45:00
34,9978,1715,16.99898864992034,2,2025-06-28 20:45:00
34,9978,1728,10.345171218745856,2,2025-06-28 20:45:00
80,9946,1728,1.781566135199095,1,2025-06-28 20:45:00
34,9978,1729,21.315451511591167,1,2025-06-28 20:45:00
38,4076,1729,24.97858606632023,1,2025-06-28 20:45:00
64,3134,1729,18.442345190046527,4,2025-06-28 20:45:00
80,9946,1729,23.09173913755709,1,2025-06-28 20:45:00
95,4318,1729,24.895653130050448,1,2025-06-28 20:45:00
34,9978,1733,28.516042636998556,2,2025-06-28 20:45:00
71,3520,1734,12.121478361182543,2,2025-06-28 20:45:00
34,4952,1764,38.17337573650016,2,2025-06-28 20:45:00
34,4952,1769,14.361398814346675,3,2025-06-28 20:45:00
80,4952,1769,21.88740998387367,2,2025-06-28 20:45:00
34,4952,1776,24.62500889732105,1,2025-06-28 20:45:00
38,1000,1776,18.73538156983663,1,2025-06-28 20:45:00
64,4952,1776,12.60898074308098,3,2025-06-28 20:45:00
71,2596,1776,9.08784982282904,3,2025-06-28 20:45:00
95,1781,1776,18.244190846445704,3,2025-06-28 20:45:00
34,4952,1777,2.1421369343184122,1,2025-06-28 20:45:00
60,1962,1880,9.236695655022839,1,2025-06-28 20:45:00
60,1962,1881,12.69271042413121,6,2025-06-28 20:45:00
60,1425,1883,21.268658471428576,2,2025-06-28 20:45:00
38,4076,1906,18.536777272858565,2,2025-06-28 20:45:00
54,1780,1906,13.38488132047109,1,2025-06-28 20:45:00
95,4318,1906,30.153746937603007,1,2025-06-28 20:45:00
38,4076,1909,26.99692377592608,5,2025-06-28 20:45:00
54,1780,1909,13.299100240114562,2,2025-06-28 20:45:00
95,4318,1909,24.088972756716423,4,2025-06-28 20:45:00
38,4076,1910,8.044869976961433,7,2025-06-28 20:45:00
60,1962,1910,8.990423026427543,4,2025-06-28 20:45:00
54,1780,1980,23.51960365370308,3,2025-06-28 20:45:00
38,1000,1981,29.499566132998602,2,2025-06-28 20:45:00
54,1780,1981,30.329732174890374,4,2025-06-28 20:45:00
71,2596,1981,13.510004562351599,8,2025-06-28 20:45:00
95,1781,1981,21.300792542581792,3,2025-06-28 20:45:00
95,3630,1981,21.124565721543426,3,2025-06-28 20:45:00
34,4952,1983,6.608314796156917,1,2025-06-28 20:45:00
38,1000,1983,18.70097209928752,1,2025-06-28 20:45:00
54,1780,1983,20.955906719856248,3,2025-06-28 20:45:00
71,2596,1983,12.801615270217267,2,2025-06-28 20:45:00
80,4952,1983,6.770360411327111,1,2025-06-28 20:45:00
95,1781,1983,33.34065652368484,1,2025-06-28 20:45:00
95,3630,1983,18.97316595615659,2,2025-06-28 20:45:00
54,1780,2967,20.588130256720284,2,2025-06-28 20:45:00
59,3125,3120,23.40726026298973,3,2025-06-28 20:45:00
59,3125,3121,12.189614149733698,3,2025-06-28 20:45:00
59,3130,3156,19.548314072141096,3,2025-06-28 20:45:00
71,3520,3514,19.429214895300955,7,2025-06-28 20:45:00
95,3630,3514,2.6719447140991943,1,2025-06-28 20:45:00
95,1781,3514,7.411967103575428,3,2025-06-28 20:45:00
71,2596,3525,39.419457407915154,2,2025-06-28 20:45:00
71,2596,3558,19.706937379955,6,2025-06-28 20:45:00
95,4318,3558,27.508117877670227,17,2025-06-28 20:45:00
71,2596,3559,6.772716363946988,2,2025-06-28 20:45:00
80,4952,3912,19.035715012107833,4,2025-06-28 20:45:00
59,3125,3921,11.870119833825486,5,2025-06-28 20:45:00
80,4952,3921,26.999718119035926,3,2025-06-28 20:45:00
95,4318,4303,22.67196407806918,4,2025-06-28 20:45:00
71,3520,4304,18.751871622099962,5,2025-06-28 20:45:00
95,4318,4304,24.1700161200226,5,2025-06-28 20:45:00
71,3520,4305,11.297826729195437,3,2025-06-28 20:45:00
95,4318,4305,34.19586833415913,3,2025-06-28 20:45:00
95,4318,4306,26.997960670592214,2,2025-06-28 20:45:00
95,4318,4307,14.244226657085083,3,2025-06-28 20:45:00
95,3630,4362,37.508619427235836,2,2025-06-28 20:45:00
95,1781,4362,21.227908057480022,4,2025-06-28 20:45:00
95,3630,4363,37.10799477078578,1,2025-06-28 20:45:00
95,1781,4364,36.85535272185186,2,2025-06-28 20:45:00
95,3630,4364,26.87004144502171,2,2025-06-28 20:45:00
95,3630,4365,9.09080196024626,1,2025-06-28 20:45:00
95,1781,4366,22.857264112528274,3,2025-06-28 20:45:00
95,3630,4366,21.227284197448338,3,2025-06-28 20:45:00
34,4952,4367,15.495811168663122,2,2025-06-28 20:45:00
38,1000,4367,24.266420653463612,2,2025-06-28 20:45:00
80,4952,4367,7.980097493076646,4,2025-06-28 20:45:00
95,3630,4367,19.96071954282852,3,2025-06-28 20:45:00
95,1781,4367,19.467801010745557,4,2025-06-28 20:45:00
71,3520,5407,20.74376472360185,9,2025-06-28 20:45:00
38,1000,6112,13.774269844531824,2,2025-06-28 20:45:00
54,1780,6112,15.239357226583603,4,2025-06-28 20:45:00
60,1425,6112,9.637114550739186,1,2025-06-28 20:45:00
34,4952,6432,17.268387965754407,7,2025-06-28 20:45:00
38,1000,6432,18.91359974581356,1,2025-06-28 20:45:00
64,4952,6432,28.015031097088553,3,2025-06-28 20:45:00
71,2596,6432,20.661815509202604,10,2025-06-28 20:45:00
80,4952,6432,11.362113973978293,12,2025-06-28 20:45:00
95,1781,6432,6.940770548922408,1,2025-06-28 20:45:00
64,3134,6433,22.826185974666007,1,2025-06-28 20:45:00
95,4318,6433,4.143753722903735,1,2025-06-28 20:45:00
64,4952,1162,6.759497625389904,4,2025-06-28 21:00:00
34,9978,1233,15.664971008490157,5,2025-06-28 21:00:00
38,4076,1233,23.408526004005527,3,2025-06-28 21:00:00
54,1780,1233,14.764615339188278,4,2025-06-28 21:00:00
80,9946,1233,19.128194595388546,4,2025-06-28 21:00:00
95,4318,1233,15.137692204578137,10,2025-06-28 21:00:00
34,4952,1278,26.869594707948316,2,2025-06-28 21:00:00
59,3130,1280,13.334890316533683,2,2025-06-28 21:00:00
64,3130,1654,21.7345123319048,2,2025-06-28 21:00:00
34,9978,1706,22.47087413572961,1,2025-06-28 21:00:00
34,9978,1712,41.37163412753628,1,2025-06-28 21:00:00
34,9978,1713,16.991288659502864,3,2025-06-28 21:00:00
34,9978,1714,8.203928254863948,1,2025-06-28 21:00:00
34,9978,1715,20.225194358340797,2,2025-06-28 21:00:00
34,9978,1728,12.121578590403011,2,2025-06-28 21:00:00
34,9978,1729,17.313745886929283,2,2025-06-28 21:00:00
38,4076,1729,22.13642154927082,1,2025-06-28 21:00:00
54,1780,1729,5.778224777759042,1,2025-06-28 21:00:00
64,3130,1729,24.569890904343104,1,2025-06-28 21:00:00
34,9978,1733,34.225269313275476,2,2025-06-28 21:00:00
34,4952,1762,6.752223791598733,1,2025-06-28 21:00:00
34,4952,1764,20.941562877325588,3,2025-06-28 21:00:00
34,4952,1769,27.449555994519596,1,2025-06-28 21:00:00
80,4952,1769,11.75788961321096,1,2025-06-28 21:00:00
38,1000,1776,20.50749105459773,1,2025-06-28 21:00:00
64,4952,1776,11.799217800546757,1,2025-06-28 21:00:00
71,2596,1776,17.816193064757044,1,2025-06-28 21:00:00
95,1781,1776,12.665445438591146,2,2025-06-28 21:00:00
34,4952,1777,10.593412092558244,1,2025-06-28 21:00:00
36,1830,1803,15.883614792316399,2,2025-06-28 21:00:00
36,1830,1804,34.38149345139351,2,2025-06-28 21:00:00
80,9946,1824,6.418969083847685,1,2025-06-28 21:00:00
36,2719,1870,10.593412092558244,1,2025-06-28 21:00:00
36,2719,1871,22.472221157101313,2,2025-06-28 21:00:00
60,1962,1880,13.541474835148621,2,2025-06-28 21:00:00
60,1962,1881,17.169517962120466,3,2025-06-28 21:00:00
60,1425,1883,5.88934748905092,1,2025-06-28 21:00:00
60,1425,1884,29.420274967635223,1,2025-06-28 21:00:00
38,4076,1906,7.135601906355334,1,2025-06-28 21:00:00
54,1780,1906,4.334200344424751,2,2025-06-28 21:00:00
95,4318,1906,20.8885958753233,4,2025-06-28 21:00:00
38,4076,1909,42.00989696032899,2,2025-06-28 21:00:00
54,1780,1909,18.72423096289358,1,2025-06-28 21:00:00
95,4318,1909,34.64002505268012,2,2025-06-28 21:00:00
38,4076,1910,18.38267084279923,2,2025-06-28 21:00:00
60,1962,1910,13.128563094573153,3,2025-06-28 21:00:00
38,1000,1980,23.431458095927315,2,2025-06-28 21:00:00
54,1780,1980,18.554532820526894,2,2025-06-28 21:00:00
60,1425,1980,19.261602886386864,1,2025-06-28 21:00:00
38,1000,1981,35.20682850262726,2,2025-06-28 21:00:00
54,1780,1981,14.788008554466815,4,2025-06-28 21:00:00
71,2596,1981,17.474769562801004,3,2025-06-28 21:00:00
95,1781,1981,24.309952243988224,5,2025-06-28 21:00:00
34,4952,1983,27.11528724415027,1,2025-06-28 21:00:00
38,1000,1983,21.41144227475163,1,2025-06-28 21:00:00
71,2596,1983,15.926749364458031,3,2025-06-28 21:00:00
80,4952,1983,30.868846508824163,1,2025-06-28 21:00:00
95,1781,1983,14.21712329446784,2,2025-06-28 21:00:00
54,1780,2967,21.028402414576274,2,2025-06-28 21:00:00
59,3125,3120,15.648966029641455,1,2025-06-28 21:00:00
59,3130,3155,22.75496808810311,2,2025-06-28 21:00:00
59,3130,3156,13.584844921218329,5,2025-06-28 21:00:00
95,1781,3514,24.597654073011068,1,2025-06-28 21:00:00
71,2596,3525,20.966185166070474,5,2025-06-28 21:00:00
71,2596,3558,17.35139572341497,6,2025-06-28 21:00:00
95,4318,3558,34.29687554285762,8,2025-06-28 21:00:00
71,2596,3559,21.860993603882058,1,2025-06-28 21:00:00
80,4952,3912,20.25702598536495,4,2025-06-28 21:00:00
59,3125,3921,23.769874104265423,3,2025-06-28 21:00:00
60,1962,3921,11.186431426774334,3,2025-06-28 21:00:00
80,4952,3921,20.33296125116331,3,2025-06-28 21:00:00
95,4318,4303,23.6361676609646,2,2025-06-28 21:00:00
71,3520,4304,25.568749779859967,4,2025-06-28 21:00:00
95,4318,4304,31.632122756330766,1,2025-06-28 21:00:00
71,3520,4305,13.796252536414686,3,2025-06-28 21:00:00
95,4318,4305,19.756444959241456,1,2025-06-28 21:00:00
95,4318,4306,25.739087729008585,6,2025-06-28 21:00:00
95,4318,4307,16.950940451932073,2,2025-06-28 21:00:00
95,1781,4362,27.64998469954645,2,2025-06-28 21:00:00
95,1781,4363,17.112576561634278,2,2025-06-28 21:00:00
95,1781,4364,29.1835553350816,4,2025-06-28 21:00:00
95,1781,4365,16.822029829583244,2,2025-06-28 21:00:00
95,1781,4366,31.47804895812106,5,2025-06-28 21:00:00
34,4952,4367,27.28933571282165,2,2025-06-28 21:00:00
38,1000,4367,14.105229905164117,3,2025-06-28 21:00:00
71,2596,4367,12.222163796724972,4,2025-06-28 21:00:00
80,4952,4367,19.247324648209073,2,2025-06-28 21:00:00
95,1781,4367,21.941881016620158,2,2025-06-28 21:00:00
71,3520,5407,8.911789326884632,1,2025-06-28 21:00:00
38,1000,6112,19.484305693136463,2,2025-06-28 21:00:00
54,1780,6112,8.292526361842564,2,2025-06-28 21:00:00
60,1425,6112,13.398717871253572,2,2025-06-28 21:00:00
34,4952,6432,8.978297583353324,3,2025-06-28 21:00:00
38,1000,6432,9.335593824881814,3,2025-06-28 21:00:00
64,4952,6432,16.570120339892846,3,2025-06-28 21:00:00
71,2596,6432,17.82259811385915,6,2025-06-28 21:00:00
95,1781,6432,11.649607880499738,2,2025-06-28 21:00:00
95,3630,6432,11.16225449192154,1,2025-06-28 21:00:00
54,1780,6433,6.06966397318716,1,2025-06-28 21:00:00
64,3130,6433,12.849485430656552,1,2025-06-28 21:00:00
80,9946,6433,5.175487187347778,1,2025-06-28 21:00:00
95,4318,6433,7.920676140408461,2,2025-06-28 21:00:00
64,4952,1162,19.955139539728172,1,2025-06-28 21:15:00
34,9978,1233,16.966778266959995,5,2025-06-28 21:15:00
38,4076,1233,16.973128505975072,8,2025-06-28 21:15:00
54,1780,1233,12.637654677284944,6,2025-06-28 21:15:00
80,9946,1233,18.416704300404135,4,2025-06-28 21:15:00
95,4318,1233,11.816480452892028,12,2025-06-28 21:15:00
34,6432,1278,26.439316871583124,2,2025-06-28 21:15:00
59,3130,1280,8.170517516435027,1,2025-06-28 21:15:00
64,3134,1654,8.132742382455284,5,2025-06-28 21:15:00
34,9978,1706,18.951212478855297,2,2025-06-28 21:15:00
34,9978,1712,15.500835118189334,2,2025-06-28 21:15:00
34,9978,1713,13.01929358617512,4,2025-06-28 21:15:00
34,9978,1714,10.699221106897863,4,2025-06-28 21:15:00
34,9978,1728,8.9121749769476,3,2025-06-28 21:15:00
34,9978,1729,16.603463658772174,2,2025-06-28 21:15:00
38,4076,1729,10.976998022178494,5,2025-06-28 21:15:00
54,1780,1729,28.552044056200533,1,2025-06-28 21:15:00
64,3134,1729,15.6923103664392,3,2025-06-28 21:15:00
80,9946,1729,19.812655378245953,1,2025-06-28 21:15:00
95,4318,1729,15.68389316963018,4,2025-06-28 21:15:00
34,9978,1733,15.611980897687923,3,2025-06-28 21:15:00
34,6432,1762,13.078275751491148,2,2025-06-28 21:15:00
34,6432,1764,30.491925291467012,3,2025-06-28 21:15:00
34,6432,1769,14.249723691317152,3,2025-06-28 21:15:00
34,6432,1776,13.699925278077101,1,2025-06-28 21:15:00
38,1000,1776,7.8451439895944866,1,2025-06-28 21:15:00
64,4952,1776,15.415248196120688,2,2025-06-28 21:15:00
71,2596,1776,10.652454680754957,5,2025-06-28 21:15:00
80,4952,1776,21.554211787209283,1,2025-06-28 21:15:00
95,1781,1776,13.365374591353673,1,2025-06-28 21:15:00
34,6432,1777,19.24968762711338,2,2025-06-28 21:15:00
36,1830,1803,24.090787172419198,1,2025-06-28 21:15:00
36,1830,1804,18.824273061886917,4,2025-06-28 21:15:00
80,9946,1824,5.32854935905284,3,2025-06-28 21:15:00
36,2719,1870,16.90199191035909,2,2025-06-28 21:15:00
36,2719,1871,37.084781565535444,1,2025-06-28 21:15:00
60,1962,1881,16.153618058848195,6,2025-06-28 21:15:00
60,1425,1883,15.512117704906256,3,2025-06-28 21:15:00
60,1425,1884,17.798542636018674,2,2025-06-28 21:15:00
38,4076,1906,13.640612570467626,6,2025-06-28 21:15:00
54,1780,1906,21.401225037713875,2,2025-06-28 21:15:00
95,4318,1906,12.95243401015355,2,2025-06-28 21:15:00
38,4076,1909,13.030212802415795,8,2025-06-28 21:15:00
54,1780,1909,21.757071791401597,1,2025-06-28 21:15:00
95,4318,1909,21.664519179055723,4,2025-06-28 21:15:00
38,4076,1910,11.057139990956879,3,2025-06-28 21:15:00
60,1962,1910,9.439313069827847,3,2025-06-28 21:15:00
38,1000,1980,18.532962855432885,3,2025-06-28 21:15:00
54,1780,1980,28.28034038581321,1,2025-06-28 21:15:00
60,1425,1980,17.39494203748057,2,2025-06-28 21:15:00
38,1000,1981,18.91075636861036,6,2025-06-28 21:15:00
54,1780,1981,11.823012885742237,3,2025-06-28 21:15:00
71,2596,1981,21.74528147802688,5,2025-06-28 21:15:00
95,3630,1981,15.32910904453249,4,2025-06-28 21:15:00
95,1781,1981,16.432252819671874,4,2025-06-28 21:15:00
34,6432,1983,14.523502869368189,2,2025-06-28 21:15:00
38,1000,1983,11.19545782454046,2,2025-06-28 21:15:00
54,1780,1983,27.609746653534994,1,2025-06-28 21:15:00
71,2596,1983,17.776459418261776,3,2025-06-28 21:15:00
95,1781,1983,9.4481666545676,1,2025-06-28 21:15:00
95,3630,1983,11.722916436624166,1,2025-06-28 21:15:00
54,1780,2967,8.133883320507183,7,2025-06-28 21:15:00
59,3125,3120,31.62462221238083,1,2025-06-28 21:15:00
59,3125,3121,14.658616012333958,5,2025-06-28 21:15:00
59,3130,3155,15.278024211593824,3,2025-06-28 21:15:00
59,3125,3372,20.36867570789692,3,2025-06-28 21:15:00
71,3520,3514,15.517475548913676,7,2025-06-28 21:15:00
95,3630,3514,13.443729999999723,2,2025-06-28 21:15:00
95,1781,3514,11.647606805983022,3,2025-06-28 21:15:00
71,2596,3525,16.654353181109183,9,2025-06-28 21:15:00
71,2596,3558,21.564747016774863,6,2025-06-28 21:15:00
95,4318,3558,27.647712389858288,14,2025-06-28 21:15:00
71,2596,3559,6.313749858064839,3,2025-06-28 21:15:00
80,4952,3912,3.9163229471982985,2,2025-06-28 21:15:00
59,3125,3921,12.6017249697764,3,2025-06-28 21:15:00
60,1962,3921,13.431208751217953,3,2025-06-28 21:15:00
95,4318,4303,13.592686665219611,8,2025-06-28 21:15:00
71,3520,4304,26.505477382622956,4,2025-06-28 21:15:00
95,4318,4304,21.674304137582567,6,2025-06-28 21:15:00
71,3520,4305,12.461551671099532,8,2025-06-28 21:15:00
95,4318,4305,19.70237798629421,2,2025-06-28 21:15:00
95,4318,4306,25.871681005909448,6,2025-06-28 21:15:00
95,4318,4307,16.150674042639647,4,2025-06-28 21:15:00
95,3630,4362,20.55365161596037,4,2025-06-28 21:15:00
95,1781,4362,20.155749405365246,3,2025-06-28 21:15:00
95,1781,4363,17.661315675904394,2,2025-06-28 21:15:00
95,3630,4363,19.53079187130813,2,2025-06-28 21:15:00
95,1781,4364,19.182118062665783,3,2025-06-28 21:15:00
95,3630,4364,16.05661180884961,3,2025-06-28 21:15:00
95,3630,4365,11.290120558352703,3,2025-06-28 21:15:00
95,1781,4365,17.734547273025527,2,2025-06-28 21:15:00
95,3630,4366,12.99253614466343,7,2025-06-28 21:15:00
95,1781,4366,40.9059304957087,2,2025-06-28 21:15:00
34,6432,4367,15.299392573231437,4,2025-06-28 21:15:00
38,1000,4367,11.436405120657138,5,2025-06-28 21:15:00
71,2596,4367,12.23445934697811,11,2025-06-28 21:15:00
95,3630,4367,13.437557742350382,3,2025-06-28 21:15:00
95,1781,4367,10.361485146008778,4,2025-06-28 21:15:00
71,3520,5407,19.23736984982193,7,2025-06-28 21:15:00
38,1000,6112,10.742931470585305,5,2025-06-28 21:15:00
54,1780,6112,9.957026205294234,3,2025-06-28 21:15:00
60,1425,6112,18.432701227816846,2,2025-06-28 21:15:00
38,1000,6432,9.265351726481535,2,2025-06-28 21:15:00
64,4952,6432,14.214352430215598,4,2025-06-28 21:15:00
71,2596,6432,13.603352241276063,16,2025-06-28 21:15:00
80,4952,6432,12.123589927620932,5,2025-06-28 21:15:00
95,1781,6432,3.9114266400764217,4,2025-06-28 21:15:00
34,9978,6433,13.62788777129612,1,2025-06-28 21:15:00
38,4076,6433,6.521176929698712,3,2025-06-28 21:15:00
54,1780,6433,9.447177700224216,1,2025-06-28 21:15:00
64,3134,6433,6.566435193253096,1,2025-06-28 21:15:00
80,9946,6433,5.966606348222338,2,2025-06-28 21:15:00
95,4318,6433,3.2024477357905363,5,2025-06-28 21:15:00
64,4952,1162,15.500774779361148,2,2025-06-28 21:30:00
34,9978,1233,17.52929124511197,4,2025-06-28 21:30:00
38,4076,1233,21.513307443048447,4,2025-06-28 21:30:00
54,1763,1233,19.343071044620597,4,2025-06-28 21:30:00
95,4318,1233,14.850335270706301,5,2025-06-28 21:30:00
34,4952,1278,10.281881419322628,3,2025-06-28 21:30:00
64,3134,1654,35.13141934798027,1,2025-06-28 21:30:00
80,9946,1706,15.318165875252836,1,2025-06-28 21:30:00
34,9978,1712,15.865933764453908,2,2025-06-28 21:30:00
34,9978,1713,7.499541516790563,2,2025-06-28 21:30:00
34,9978,1714,28.803480598371568,1,2025-06-28 21:30:00
34,9978,1715,15.568855165324381,3,2025-06-28 21:30:00
80,9946,1728,12.416906938728001,2,2025-06-28 21:30:00
34,9978,1729,22.46658318633802,1,2025-06-28 21:30:00
38,4076,1729,19.093087466225235,2,2025-06-28 21:30:00
64,3134,1729,10.515316758809218,4,2025-06-28 21:30:00
95,4318,1729,24.60743391172856,1,2025-06-28 21:30:00
34,9978,1733,14.718281495927684,3,2025-06-28 21:30:00
34,4952,1762,2.4962870207042243,1,2025-06-28 21:30:00
34,4952,1764,30.32701507255427,3,2025-06-28 21:30:00
34,4952,1769,9.985617110493877,3,2025-06-28 21:30:00
80,4952,1769,22.277687485868643,2,2025-06-28 21:30:00
34,4952,1776,4.443328939228087,5,2025-06-28 21:30:00
38,1000,1776,9.357565700575416,2,2025-06-28 21:30:00
64,4952,1776,8.918730800718468,3,2025-06-28 21:30:00
71,2596,1776,6.715993659356907,6,2025-06-28 21:30:00
80,4952,1776,14.08606014192706,2,2025-06-28 21:30:00
95,1781,1776,5.959586263120917,7,2025-06-28 21:30:00
95,3630,1776,15.871554933859109,1,2025-06-28 21:30:00
34,4952,1777,7.645588365190756,1,2025-06-28 21:30:00
36,1830,1803,20.690659882161462,2,2025-06-28 21:30:00
36,1830,1804,23.517748633859703,3,2025-06-28 21:30:00
34,9978,1824,5.7579107991004586,6,2025-06-28 21:30:00
36,2719,1870,14.275108206706491,2,2025-06-28 21:30:00
60,1962,1880,18.729301149325053,1,2025-06-28 21:30:00
60,1962,1881,17.71061219798762,5,2025-06-28 21:30:00
60,1425,1883,11.99319004160171,3,2025-06-28 21:30:00
60,1425,1884,12.170123063568568,2,2025-06-28 21:30:00
54,1763,1906,25.8652316385099,1,2025-06-28 21:30:00
95,4318,1906,30.807806067389443,3,2025-06-28 21:30:00
38,4076,1909,26.522951418616984,7,2025-06-28 21:30:00
54,1763,1909,27.29174203318226,1,2025-06-28 21:30:00
95,4318,1909,23.470894564734863,5,2025-06-28 21:30:00
38,4076,1910,12.89137869675467,4,2025-06-28 21:30:00
60,1962,1910,10.865906008982826,2,2025-06-28 21:30:00
38,1000,1980,15.63525983296242,2,2025-06-28 21:30:00
54,1780,1980,26.641007101111107,1,2025-06-28 21:30:00
60,1425,1980,21.080945312949925,1,2025-06-28 21:30:00
38,1000,1981,18.203675003344255,4,2025-06-28 21:30:00
54,1780,1981,22.685633915326346,5,2025-06-28 21:30:00
71,2596,1981,20.82147072720267,3,2025-06-28 21:30:00
95,6432,1981,18.42434628610519,3,2025-06-28 21:30:00
95,1781,1981,14.69594435752847,5,2025-06-28 21:30:00
38,1000,1983,13.269565374536484,3,2025-06-28 21:30:00
54,1780,1983,19.082033324403284,1,2025-06-28 21:30:00
71,2596,1983,3.385885896157828,2,2025-06-28 21:30:00
80,4952,1983,14.037263072251795,2,2025-06-28 21:30:00
95,1781,1983,14.980572753248584,2,2025-06-28 21:30:00
54,1780,2967,13.600954668597243,4,2025-06-28 21:30:00
59,3125,3120,21.508583667159183,5,2025-06-28 21:30:00
59,3125,3121,25.87695570646312,3,2025-06-28 21:30:00
59,3130,3156,17.18260852200022,3,2025-06-28 21:30:00
59,3125,3372,25.833796307614858,2,2025-06-28 21:30:00
71,3520,3514,19.624353332502068,2,2025-06-28 21:30:00
95,1781,3514,8.588405724102904,2,2025-06-28 21:30:00
71,2596,3525,31.11511202823116,2,2025-06-28 21:30:00
71,2596,3558,21.466134812466038,3,2025-06-28 21:30:00
95,4318,3558,23.793303630117883,18,2025-06-28 21:30:00
71,2596,3559,12.348115361061303,2,2025-06-28 21:30:00
80,4952,3912,18.43962285213352,5,2025-06-28 21:30:00
59,3125,3921,24.50333615299494,4,2025-06-28 21:30:00
60,1962,3921,17.95181244666051,3,2025-06-28 21:30:00
80,4952,3921,14.319616694335627,4,2025-06-28 21:30:00
95,4318,4303,29.218901903233096,2,2025-06-28 21:30:00
71,3520,4304,26.27635426381751,5,2025-06-28 21:30:00
95,4318,4304,24.271631682748357,1,2025-06-28 21:30:00
71,3520,4305,18.98168272454266,3,2025-06-28 21:30:00
95,4318,4305,23.156446681457073,2,2025-06-28 21:30:00
95,4318,4306,16.51438996643988,5,2025-06-28 21:30:00
95,4318,4307,14.07515376168795,2,2025-06-28 21:30:00
95,1781,4362,26.64667719162498,6,2025-06-28 21:30:00
95,6432,4362,34.53310749201559,2,2025-06-28 21:30:00
95,1781,4363,15.57829038784417,4,2025-06-28 21:30:00
95,6432,4363,21.9078014037023,1,2025-06-28 21:30:00
95,1781,4364,31.17593673234046,4,2025-06-28 21:30:00
95,6432,4364,41.50423253612186,1,2025-06-28 21:30:00
95,1781,4365,0.892387886706995,1,2025-06-28 21:30:00
95,6432,4366,22.391264891711245,3,2025-06-28 21:30:00
95,1781,4366,27.56538315443406,3,2025-06-28 21:30:00
34,4952,4367,16.36994364631922,4,2025-06-28 21:30:00
38,1000,4367,13.240069238659258,5,2025-06-28 21:30:00
71,2596,4367,22.090279653706695,4,2025-06-28 21:30:00
80,4952,4367,18.82094453573053,3,2025-06-28 21:30:00
95,1781,4367,17.980975573929573,4,2025-06-28 21:30:00
95,3630,4367,25.649021930655913,1,2025-06-28 21:30:00
95,6432,4367,22.252021715221133,2,2025-06-28 21:30:00
71,3520,5407,19.77873625780847,7,2025-06-28 21:30:00
38,1000,6112,10.412204743780755,3,2025-06-28 21:30:00
54,1780,6112,11.15025206635368,1,2025-06-28 21:30:00
60,1425,6112,11.735009092661057,2,2025-06-28 21:30:00
38,1000,6432,11.815909291658441,1,2025-06-28 21:30:00
64,4952,6432,11.334665073619503,4,2025-06-28 21:30:00
71,2596,6432,13.435848927464285,11,2025-06-28 21:30:00
80,4952,6432,10.77392128418522,2,2025-06-28 21:30:00
95,3630,6432,1.7792027214684827,1,2025-06-28 21:30:00
95,1781,6432,6.322768319865671,2,2025-06-28 21:30:00
34,9978,6433,7.53202664869168,3,2025-06-28 21:30:00
38,4076,6433,6.066478192819936,1,2025-06-28 21:30:00
54,1763,6433,22.492540420374475,1,2025-06-28 21:30:00
95,4318,6433,6.513218830416456,2,2025-06-28 21:30:00
64,4952,1162,16.163788409036066,3,2025-06-28 21:45:00
34,9978,1233,11.263177959565867,6,2025-06-28 21:45:00
38,4076,1233,19.315311740821393,3,2025-06-28 21:45:00
54,1780,1233,12.970450275616,5,2025-06-28 21:45:00
80,9946,1233,16.08127498713719,5,2025-06-28 21:45:00
95,4318,1233,12.311940338780607,6,2025-06-28 21:45:00
34,4952,1278,12.327254658208743,6,2025-06-28 21:45:00
64,3134,1654,9.410928538282434,5,2025-06-28 21:45:00
34,9978,1706,14.034345645635238,2,2025-06-28 21:45:00
80,9946,1706,11.60088730434827,2,2025-06-28 21:45:00
34,9978,1712,18.082478385114314,2,2025-06-28 21:45:00
34,9978,1713,9.47962478151897,4,2025-06-28 21:45:00
34,9978,1715,22.473062075847814,2,2025-06-28 21:45:00
34,9978,1728,9.095011393039464,3,2025-06-28 21:45:00
80,9946,1728,12.13283479803373,2,2025-06-28 21:45:00
34,9978,1729,15.600527985625204,2,2025-06-28 21:45:00
38,4076,1729,17.438531721870927,2,2025-06-28 21:45:00
54,1780,1729,18.669025878381373,1,2025-06-28 21:45:00
64,3134,1729,12.127349430401,4,2025-06-28 21:45:00
80,9946,1729,19.804768760306576,2,2025-06-28 21:45:00
95,4318,1729,13.536600778044853,2,2025-06-28 21:45:00
34,9978,1733,19.095153604170562,3,2025-06-28 21:45:00
34,4952,1762,5.970562838599209,2,2025-06-28 21:45:00
34,4952,1764,20.319427109303902,4,2025-06-28 21:45:00
34,4952,1769,8.754542260292554,5,2025-06-28 21:45:00
80,4952,1769,10.104871007732145,5,2025-06-28 21:45:00
38,1000,1776,31.579108566170202,1,2025-06-28 21:45:00
64,4952,1776,11.245695843793122,1,2025-06-28 21:45:00
71,2596,1776,20.768995527185602,1,2025-06-28 21:45:00
95,1781,1776,9.665989159921702,3,2025-06-28 21:45:00
34,4952,1777,16.380944636267344,3,2025-06-28 21:45:00
34,9978,1824,0.17735038524444796,1,2025-06-28 21:45:00
34,1731,1824,9.927355491843139,3,2025-06-28 21:45:00
80,9946,1824,7.274697264421243,4,2025-06-28 21:45:00
36,2719,1870,18.799140835911484,1,2025-06-28 21:45:00
36,2719,1871,15.838715861939072,2,2025-06-28 21:45:00
60,1962,1880,7.0377597401370116,2,2025-06-28 21:45:00
60,1962,1881,17.613742317483645,5,2025-06-28 21:45:00
60,1425,1883,17.996666162139668,1,2025-06-28 21:45:00
60,1425,1884,19.607079086391316,1,2025-06-28 21:45:00
38,4076,1906,7.137390807833684,1,2025-06-28 21:45:00
54,1780,1906,7.130929107571155,1,2025-06-28 21:45:00
95,4318,1906,15.393670657825258,3,2025-06-28 21:45:00
95,4318,1909,20.383634405808703,2,2025-06-28 21:45:00
60,1962,1910,12.366397626481874,2,2025-06-28 21:45:00
38,1000,1980,16.9733793669737,2,2025-06-28 21:45:00
54,1780,1980,10.948296522472607,2,2025-06-28 21:45:00
60,1425,1980,20.57437935075697,2,2025-06-28 21:45:00
38,1000,1981,14.750925506337515,5,2025-06-28 21:45:00
54,1780,1981,24.18558202480481,3,2025-06-28 21:45:00
71,2596,1981,29.54872623605973,3,2025-06-28 21:45:00
95,1781,1981,24.863910862093572,4,2025-06-28 21:45:00
34,4952,1983,31.212030008137422,1,2025-06-28 21:45:00
71,2596,1983,13.071874725809156,3,2025-06-28 21:45:00
80,4952,1983,13.733293203580466,1,2025-06-28 21:45:00
95,1781,1983,29.0333392763415,2,2025-06-28 21:45:00
54,1780,2967,9.436335584009184,6,2025-06-28 21:45:00
59,3125,3120,24.42930887662151,2,2025-06-28 21:45:00
59,3125,3121,21.980410211737166,6,2025-06-28 21:45:00
59,3130,3155,21.286338718944496,3,2025-06-28 21:45:00
59,3130,3156,19.41822602457292,4,2025-06-28 21:45:00
59,3125,3372,17.725920671526126,2,2025-06-28 21:45:00
71,3520,3514,19.14928610791616,8,2025-06-28 21:45:00
95,1781,3514,11.027210540548396,2,2025-06-28 21:45:00
71,2596,3525,18.65635885586755,7,2025-06-28 21:45:00
71,2596,3558,15.758569501899983,7,2025-06-28 21:45:00
95,4318,3558,23.873246116223964,10,2025-06-28 21:45:00
71,2596,3559,3.8321845672813826,4,2025-06-28 21:45:00
80,4952,3912,16.374386560798367,6,2025-06-28 21:45:00
59,3125,3921,23.575591229432032,3,2025-06-28 21:45:00
60,1962,3921,19.02566215111537,3,2025-06-28 21:45:00
80,4952,3921,18.816467090387082,3,2025-06-28 21:45:00
95,4318,4303,16.541063676827502,5,2025-06-28 21:45:00
71,3520,4304,21.23094752121592,6,2025-06-28 21:45:00
95,4318,4304,21.205693590813397,5,2025-06-28 21:45:00
71,3520,4305,13.341460966023291,6,2025-06-28 21:45:00
95,4318,4305,12.576295658131118,5,2025-06-28 21:45:00
95,4318,4306,22.236919724876874,6,2025-06-28 21:45:00
95,4318,4307,6.818484400975251,4,2025-06-28 21:45:00
95,1781,4362,24.09526896343971,3,2025-06-28 21:45:00
95,1781,4363,26.94606904885581,1,2025-06-28 21:45:00
95,1781,4364,20.636617594303775,3,2025-06-28 21:45:00
95,1781,4365,28.73076240960057,1,2025-06-28 21:45:00
95,1781,4366,19.096795273205064,9,2025-06-28 21:45:00
34,4952,4367,15.245546779158905,2,2025-06-28 21:45:00
38,1000,4367,13.806646902721509,5,2025-06-28 21:45:00
71,2596,4367,11.68494442350078,5,2025-06-28 21:45:00
80,4952,4367,16.543802162315835,4,2025-06-28 21:45:00
95,1781,4367,11.49375440610666,2,2025-06-28 21:45:00
71,3520,5407,17.887548393220783,8,2025-06-28 21:45:00
38,1000,6112,9.034245770111474,4,2025-06-28 21:45:00
54,1780,6112,11.594586176809967,3,2025-06-28 21:45:00
60,1425,6112,4.348340556895893,2,2025-06-28 21:45:00
34,4952,6432,10.874677244412224,6,2025-06-28 21:45:00
38,1000,6432,6.601614181922213,3,2025-06-28 21:45:00
64,4952,6432,13.223940732377791,5,2025-06-28 21:45:00
71,2596,6432,14.027001172477929,13,2025-06-28 21:45:00
95,1781,6432,4.755750774852484,6,2025-06-28 21:45:00
38,4076,6433,9.521041649758812,2,2025-06-28 21:45:00
54,1780,6433,6.067082301458449,1,2025-06-28 21:45:00
64,3134,6433,10.869697245026627,2,2025-06-28 21:45:00
80,9946,6433,6.570401083030977,1,2025-06-28 21:45:00
95,4318,6433,7.212841148433461,4,2025-06-28 21:45:00
